"","subject","condition","trial_num","subj_choice","feedback"
"5601",41,1,1,2,1
"5602",41,1,2,2,0
"5603",41,1,3,1,0
"5604",41,1,4,2,1
"5605",41,1,5,2,1
"5606",41,1,6,2,1
"5607",41,1,7,2,1
"5608",41,1,8,2,1
"5609",41,1,9,2,0
"5610",41,1,10,1,0
"5611",41,1,11,1,0
"5612",41,1,12,2,1
"5613",41,1,13,2,0
"5614",41,1,14,1,1
"5615",41,1,15,1,0
"5616",41,1,16,2,1
"5617",41,1,17,2,0
"5618",41,1,18,1,0
"5619",41,1,19,2,1
"5620",41,1,20,2,1
"5621",41,1,21,2,0
"5622",41,1,22,1,0
"5623",41,1,23,1,0
"5624",41,1,24,2,1
"5625",41,1,25,2,1
"5626",41,1,26,2,0
"5627",41,1,27,1,0
"5628",41,1,28,2,1
"5629",41,1,29,2,0
"5630",41,1,30,1,0
"5631",41,1,31,2,1
"5632",41,1,32,2,1
"5633",41,1,33,2,1
"5634",41,1,34,2,0
"5635",41,1,35,1,0
"5636",41,1,36,2,1
"5637",41,1,37,2,0
"5638",41,1,38,1,0
"5639",41,1,39,1,0
"5640",41,1,40,2,0
"5641",41,1,41,1,0
"5642",41,1,42,1,0
"5643",41,1,43,2,0
"5644",41,1,44,1,1
"5645",41,1,45,1,0
"5646",41,1,46,2,0
"5647",41,1,47,2,0
"5648",41,1,48,1,0
"5649",41,1,49,1,1
"5650",41,1,50,1,0
