"yoked_participant","agent_condition"
"13","bandit"
"14","bandit"
"15","bandit"
"16","bandit"
"22","bandit"
"23","bandit"
"24","bandit"
"26","bandit"
"27","bandit"
"28","bandit"
"29","bandit"
"3","bandit"
"30","bandit"
"32","bandit"
"34","bandit"
"35","bandit"
"36","bandit"
"39","bandit"
"41","bandit"
"43","bandit"
"44","bandit"
"45","bandit"
"46","bandit"
"47","bandit"
"5","bandit"
"50","bandit"
"52","bandit"
"56","bandit"
"57","bandit"
"61","bandit"
"63","bandit"
"64","bandit"
"65","bandit"
"66","bandit"
"67","bandit"
"70","bandit"
"72","bandit"
"17","sheriff"
"18","sheriff"
"19","sheriff"
"2","sheriff"
"20","sheriff"
"23","sheriff"
"25","sheriff"
"26","sheriff"
"28","sheriff"
"30","sheriff"
"31","sheriff"
"32","sheriff"
"33","sheriff"
"36","sheriff"
"37","sheriff"
"38","sheriff"
"4","sheriff"
"41","sheriff"
"45","sheriff"
"46","sheriff"
"47","sheriff"
"48","sheriff"
"51","sheriff"
"53","sheriff"
"54","sheriff"
"55","sheriff"
"56","sheriff"
"57","sheriff"
"58","sheriff"
"59","sheriff"
"6","sheriff"
"60","sheriff"
"61","sheriff"
"63","sheriff"
"64","sheriff"
"65","sheriff"
"66","sheriff"
"67","sheriff"
"70","sheriff"
"9","sheriff"
"1","tycoon"
"10","tycoon"
"11","tycoon"
"14","tycoon"
"16","tycoon"
"17","tycoon"
"18","tycoon"
"21","tycoon"
"24","tycoon"
"25","tycoon"
"27","tycoon"
"28","tycoon"
"30","tycoon"
"33","tycoon"
"34","tycoon"
"37","tycoon"
"38","tycoon"
"39","tycoon"
"4","tycoon"
"40","tycoon"
"44","tycoon"
"45","tycoon"
"48","tycoon"
"5","tycoon"
"50","tycoon"
"54","tycoon"
"55","tycoon"
"6","tycoon"
"61","tycoon"
"63","tycoon"
"66","tycoon"
"69","tycoon"
"7","tycoon"
"72","tycoon"
